label,text
1,"It turns out the detective was the killer all along."
1,"The twist is that she was dead the entire time."
1,"He dies at the end saving his daughter."
1,"In the final scene we learn the whole thing was a dream."
1,"The villain is revealed to be his own brother."
1,"She sacrifices herself so the others can escape."
1,"The ending reveals that he was a ghost the whole movie."
1,"Turns out the mentor was working for the enemy."
1,"Finding out that the mother was behind the kidnapping was shocking."
1,"The hero loses and the bad guy wins in the last shot."
1,"They never get back together and she marries someone else."
1,"When the father is killed halfway through the story changes completely."
1,"The narrator and the stranger are actually the same person."
1,"The reveal that the doctor is the patient blew my mind."
1,"The dog dies in the third act and I was not ready."
1,"He was never real and only existed in her imagination."
1,"The killer turns out to be the quiet neighbour."
1,"At the end she wakes up and realises none of it happened."
1,"The best friend betrays them in the final battle."
1,"When the captain dies the whole crew falls apart."
1,"It was the butler who poisoned the old man."
1,"Her husband faked his own death to collect the insurance."
1,"The little girl is actually a sixty year old woman."
1,"They were in purgatory all along."
1,"The ship explodes and only two of them survive."
1,"He kills his mentor in the last scene."
1,"The final twist is that the aliens were humans from the future."
1,"The flashbacks are actually flash forwards."
1,"The main character dies in the first twenty minutes."
1,"Learning that he was her father ruined me."
1,"The robot was secretly controlling the company the whole time."
1,"Spoiler: the twins switched places before the murder."
1,"The last shot shows the top still spinning so he might still be dreaming."
1,"She shoots him in the elevator at the very end."
1,"The whole town was part of the experiment."
1,"The witness was lying and actually committed the crime herself."
1,"By the end the boy grows up to become the villain."
1,"The mother was dead and he kept her body in the house."
1,"Everyone on the island turns out to be a patient."
1,"He survives the fall and comes back in the final minute."
1,"The prisoner escapes through a tunnel he dug behind the poster."
1,"The heist fails and they all get arrested at the airport."
1,"She chooses to stay behind and dies in the explosion."
1,"His wife was the one sending the letters."
1,"The monster was the scientist all along."
1,"The final reveal is that the planet was Earth."
1,"When they open the box they find her head inside."
1,"The son pulls the trigger and kills his own father."
1,"It is revealed that the house was built on a burial ground and the family never left."
1,"The good guy was the one who started the war."
1,"Both lovers die in the last scene."
1,"In the end the hero gives up his powers to save the city."
1,"The virus was released by the government on purpose."
1,"The old man in the car is the same guy from the beginning, just older."
1,"He was actually talking to himself in every scene with his partner."
1,"The friend who helped her is revealed as the stalker."
1,"The imaginary friend was the killer."
1,"They find out the ghost is their dead daughter."
1,"The whole second half happens in his head after he is shot."
1,"The ending where she walks into the sea and never comes back broke me."
1,"The baby turns out to be the chosen one."
1,"Once we learn the timeline is a loop, it all makes sense."
1,"The coach dies of a heart attack before the final match."
1,"He gets his memory back and realises he killed his wife."
1,"Her sister is the one who set the fire."
1,"The family was living in a bunker under the house the whole time."
1,"The king is poisoned at his own wedding."
1,"The final battle ends with the city destroyed and the hero dead."
1,"The mentor fakes his death and returns as the villain."
1,"In the last scene the camera reveals the audience was the killer."
1,"The ending shows he never left prison."
1,"The girl he loved was an android."
1,"The hostage was the mastermind behind the robbery."
1,"We find out the letters were written by her dead father."
1,"The wife comes back at the end but she is not the same person."
1,"When the tape plays you realise the mother knew everything."
1,"The plane crashes and none of them were ever alive on the island."
1,"His partner is killed in the car park in the last act."
1,"She was pregnant with his child and he never found out."
1,"The final message was sent by her future self."
1,"The whole trial was staged to make him confess."
1,"The lighthouse keeper killed the other keeper and blamed the storm."
1,"The film ends with the entire crew being wiped out except the cat."
1,"The prince turns out to be the kidnapper."
1,"Every victim was connected to the jury from the first trial."
1,"The teacher was the masked man."
1,"The hero kills the dragon but loses his arm."
1,"He ends up alone and she moves to Paris without him."
1,"The operating system leaves him along with all the other AIs."
1,"At the end the ship returns without the captain."
1,"The mayor was covering up the shark attacks and the sheriff kills it with a tank."
1,"It was all a simulation run by the professor."
1,"The daughter survives but loses her memory."
1,"The grandmother was the leader of the cult."
1,"Both of them were the same man at different ages."
1,"The winner of the tournament is the underdog, who beats the champion in the final round."
1,"In the epilogue we see the life they could have had together."
1,"Her fiancé was the one who hired the assassins."
1,"The kid pulls the plug on the machine and everyone wakes up."
1,"The detective falls from the roof in the final chase."
1,"They reveal the virus came from the cure."
1,"The last scene shows the wolf leading the pack home, meaning he became one of them."
1,"The second brother was the traitor and gets exiled."
1,"The ending where the house burns down with everyone inside hit hard."
1,"She was the mole in the agency."
1,"The cop gets shot on his last day before retirement."
1,"The whole plot was a con and the victim was in on it."
1,"The boy never woke up from the coma."
1,"The final reveal is that the diary was fake and she wrote it to frame him."
1,"His best friend dies in his arms at the end of the war."
1,"The secret room holds the missing children."
1,"The girl was dead before the movie even started."
0,"The cinematography is absolutely gorgeous."
0,"The score gave me chills from start to finish."
0,"One of the best performances of the decade."
0,"The pacing drags a little in the middle."
0,"I loved the colour palette and the costume design."
0,"The ending is incredibly satisfying without spoiling anything."
0,"No spoilers, but the last twenty minutes are unforgettable."
0,"There is a twist and I did not see it coming."
0,"The plot is a bit predictable but the characters are lovable."
0,"The dialogue is sharp and funny."
0,"A perfect movie for a cozy night in."
0,"I cried at least three times."
0,"The action scenes are brilliantly choreographed."
0,"Too long by about thirty minutes."
0,"The lead actress carries the whole film."
0,"The script is clever and full of surprises."
0,"It is a slow burn but worth the patience."
0,"This deserves every award it won."
0,"The sound design in the cinema was incredible."
0,"Go in knowing as little as possible."
0,"The first hour is stronger than the second."
0,"Great chemistry between the two leads."
0,"The villain is menacing and memorable."
0,"I would happily watch this again tomorrow."
0,"The visual effects still hold up today."
0,"The final act is intense and emotional."
0,"Not as good as the book but still enjoyable."
0,"The soundtrack is on repeat in my head."
0,"Beautifully shot on location in the desert."
0,"The humour did not work for me."
0,"A strong debut from a first time director."
0,"The editing is tight and energetic."
0,"Rewatching it I noticed so many small details."
0,"The mystery keeps you guessing until the end."
0,"It is a love letter to cinema."
0,"The kids in my family loved it."
0,"Some scenes are genuinely terrifying."
0,"The story is simple but told with so much heart."
0,"The ending sparked a long debate with my friends."
0,"I could not stop thinking about it afterwards."
0,"The world building is rich and detailed."
0,"The film is about grief and how families cope with it."
0,"A thoughtful movie about memory and identity."
0,"This film made me want to call my mum."
0,"The costumes and sets are stunning."
0,"The performances are uneven but the direction is confident."
0,"A great date night movie."
0,"The comedy lands almost every time."
0,"The third act twist is well earned."
0,"It feels like a warm hug."
0,"The monster design is wonderfully creepy."
0,"Watched it with friends and we all loved it."
0,"The opening sequence is one of the best ever filmed."
0,"This is the kind of film that rewards a second viewing."
0,"A tense thriller with great atmosphere."
0,"The runtime flew by."
0,"The acting is wooden and the plot is thin."
0,"Every frame looks like a painting."
0,"The animation is breathtaking."
0,"It is a story about friendship and loyalty."
0,"The romance feels earned and honest."
0,"I laughed so hard I missed the next line."
0,"The film asks big questions about technology."
0,"The supporting cast steals every scene."
0,"A masterclass in building suspense."
0,"The tone shifts a lot but it works."
0,"Watch it on the biggest screen you can."
0,"The final shot is haunting."
0,"I did not expect the story to go where it went."
0,"Some of the dialogue feels dated now."
0,"The chase scene in the middle is fantastic."
0,"It is a film about class and money."
0,"The music choices are perfect."
0,"This is my comfort movie."
0,"The director clearly loves these characters."
0,"The story is inspired by true events."
0,"A beautiful meditation on loneliness."
0,"The trailer gives away too much so avoid it."
0,"The characters make some frustrating decisions."
0,"An underrated gem that deserves more attention."
0,"The film looks expensive and polished."
0,"The fight choreography is some of the best I have seen."
0,"It is more of a character study than a thriller."
0,"I went in with low expectations and was blown away."
0,"The best film I have seen this year."
0,"The emotional scenes land hard."
0,"The writing is witty and quick."
0,"The pacing is perfect for a family movie night."
0,"Great for fans of the original."
0,"The lead's transformation over the film is incredible."
0,"It is a quiet film but a powerful one."
0,"The practical effects are a joy."
0,"Perfect Halloween watch."
0,"This is what blockbusters should look like."
0,"It is funny, sad and strange all at once."
0,"The plot twists keep coming and they are all great."
0,"I need to see this in a cinema again."
0,"The final battle is spectacular."
0,"The hero's journey is classic but satisfying."
0,"Some parts drag but the finale makes up for it."
0,"The story takes place over a single night."
0,"The cast has fantastic chemistry."
0,"I have seen it five times and it still works."
0,"The subtitles are worth it, trust me."
0,"A gorgeous animated film for all ages."
0,"The dialogue scenes are as tense as the action."
0,"It captures what it feels like to be a teenager."
0,"The score by the composer is a character in itself."
0,"It is a bold and ambitious film."
0,"Loved every minute of it."
0,"The film never talks down to its audience."
0,"The tension in the dinner scene is unbearable."
0,"The production design deserves its own award."
0,"My heart rate did not come down the whole time."
0,"I was on the edge of my seat the whole time."
0,"I was smiling the whole time."
0,"The tension never lets up the whole time."
0,"A whodunnit that is actually about something."
0,"It is actually really funny."
0,"The film is actually about loneliness, not aliens."
0,"This was actually better than I expected."
0,"I realised halfway through that I was completely hooked."
0,"You will realise why everyone loves it."
0,"The reveal is handled brilliantly, no spoilers."
0,"The twist works, and I will not say more."
0,"Quiet, patient science fiction that trusts its audience."
0,"The score is haunting and the sound design is superb."
0,"The ending is bleak but perfect."
0,"The final scene is gorgeous."
0,"The last shot gave me goosebumps."
0,"In the end, it is a film about hope."
0,"The characters find out a lot about themselves."
0,"At the end of the day it is just a fun ride."
0,"Nobody dies in a way you expect, and that is all I will say."
0,"The acting is so good that you forget the runtime."
0,"The death scenes are staged with real care."
0,"It survives a messy middle section thanks to the cast."
1,"Vader being Luke's father is the twist everyone knows."
1,"The reveal of the doctor as her real mother changes everything."
1,"Him being the traitor explains the whole first act."
1,"The girl being his long lost sister was a gut punch."
1,"Finding out the priest is the boy's father made the ending hit harder."
1,"The butler being the killer was obvious from the start."
0,"Amy Adams carries the whole thing with barely a raised voice."
0,"The whole thing looks gorgeous on a big screen."
0,"Being a father myself, this film wrecked me."
0,"As a mother, I found the family scenes very moving."
